"Input","Output","InputBytes","OutputBytes","SavedPercent","Status"
"G:\My Drive\Web\memo\memosite.jp\public_html\voice\images\cosine_similarity_vectors.png","G:\My Drive\Web\memo\memosite.jp\public_html\voice\images\cosine_similarity_vectors.png.jxl","61009","38351","37.14","ok"
"G:\My Drive\Web\memo\memosite.jp\public_html\voice\images\curl_error_screenshot.png","G:\My Drive\Web\memo\memosite.jp\public_html\voice\images\curl_error_screenshot.png.jxl","9804","6994","28.66","ok"
"G:\My Drive\Web\memo\memosite.jp\public_html\voice\images\plda_concept_clusters.png","G:\My Drive\Web\memo\memosite.jp\public_html\voice\images\plda_concept_clusters.png.jxl","100050","106510","-6.46","ok"
"G:\My Drive\Web\memo\memosite.jp\public_html\voice\images\select_GPU_on_Kaggle.png","G:\My Drive\Web\memo\memosite.jp\public_html\voice\images\select_GPU_on_Kaggle.png.jxl","45717","26464","42.11","ok"
"G:\My Drive\Web\memo\memosite.jp\public_html\voice\images\pre_memo\error_statement.png","G:\My Drive\Web\memo\memosite.jp\public_html\voice\images\pre_memo\error_statement.png.jxl","41757","30592","26.74","ok"
"G:\My Drive\Web\memo\memosite.jp\public_html\voice\images\SafeEar\training_on_ASV2019\testing_on_J-SpAW-LA\det_curve.png","G:\My Drive\Web\memo\memosite.jp\public_html\voice\images\SafeEar\training_on_ASV2019\testing_on_J-SpAW-LA\det_curve.png.jxl","216480","140136","35.27","ok"
"G:\My Drive\Web\memo\memosite.jp\public_html\voice\images\SafeEar\training_on_ASV2019\testing_on_J-SpAW-LA\det_curve.webp","G:\My Drive\Web\memo\memosite.jp\public_html\voice\images\SafeEar\training_on_ASV2019\testing_on_J-SpAW-LA\det_curve.webp.jxl","18636","23802","-27.72","ok"
"G:\My Drive\Web\memo\memosite.jp\public_html\voice\images\SafeEar\training_on_ASV2019\testing_on_J-SpAW-LA\env_id_correlation.png","G:\My Drive\Web\memo\memosite.jp\public_html\voice\images\SafeEar\training_on_ASV2019\testing_on_J-SpAW-LA\env_id_correlation.png.jxl","104318","82209","21.19","ok"
"G:\My Drive\Web\memo\memosite.jp\public_html\voice\images\SafeEar\training_on_ASV2019\testing_on_J-SpAW-LA\env_id_correlation.webp","G:\My Drive\Web\memo\memosite.jp\public_html\voice\images\SafeEar\training_on_ASV2019\testing_on_J-SpAW-LA\env_id_correlation.webp.jxl","10780","19400","-79.96","ok"
"G:\My Drive\Web\memo\memosite.jp\public_html\voice\images\SafeEar\training_on_ASV2019\testing_on_J-SpAW-LA\env_id_heatmap.png","G:\My Drive\Web\memo\memosite.jp\public_html\voice\images\SafeEar\training_on_ASV2019\testing_on_J-SpAW-LA\env_id_heatmap.png.jxl","103436","73626","28.82","ok"
"G:\My Drive\Web\memo\memosite.jp\public_html\voice\images\SafeEar\training_on_ASV2019\testing_on_J-SpAW-LA\env_id_heatmap.webp","G:\My Drive\Web\memo\memosite.jp\public_html\voice\images\SafeEar\training_on_ASV2019\testing_on_J-SpAW-LA\env_id_heatmap.webp.jxl","16166","22066","-36.5","ok"
"G:\My Drive\Web\memo\memosite.jp\public_html\voice\images\SafeEar\training_on_ASV2019\testing_on_J-SpAW-LA\la_method_id_correlation.png","G:\My Drive\Web\memo\memosite.jp\public_html\voice\images\SafeEar\training_on_ASV2019\testing_on_J-SpAW-LA\la_method_id_correlation.png.jxl","87896","61485","30.05","ok"
"G:\My Drive\Web\memo\memosite.jp\public_html\voice\images\SafeEar\training_on_ASV2019\testing_on_J-SpAW-LA\la_method_id_correlation.webp","G:\My Drive\Web\memo\memosite.jp\public_html\voice\images\SafeEar\training_on_ASV2019\testing_on_J-SpAW-LA\la_method_id_correlation.webp.jxl","7720","13191","-70.87","ok"
"G:\My Drive\Web\memo\memosite.jp\public_html\voice\images\SafeEar\training_on_ASV2019\testing_on_J-SpAW-LA\la_method_id_heatmap.png","G:\My Drive\Web\memo\memosite.jp\public_html\voice\images\SafeEar\training_on_ASV2019\testing_on_J-SpAW-LA\la_method_id_heatmap.png.jxl","76994","52275","32.11","ok"
"G:\My Drive\Web\memo\memosite.jp\public_html\voice\images\SafeEar\training_on_ASV2019\testing_on_J-SpAW-LA\la_method_id_heatmap.webp","G:\My Drive\Web\memo\memosite.jp\public_html\voice\images\SafeEar\training_on_ASV2019\testing_on_J-SpAW-LA\la_method_id_heatmap.webp.jxl","11546","15656","-35.6","ok"
"G:\My Drive\Web\memo\memosite.jp\public_html\voice\images\SafeEar\training_on_ASV2019\testing_on_J-SpAW-LA\mic_id_correlation.png","G:\My Drive\Web\memo\memosite.jp\public_html\voice\images\SafeEar\training_on_ASV2019\testing_on_J-SpAW-LA\mic_id_correlation.png.jxl","104299","78722","24.52","ok"
"G:\My Drive\Web\memo\memosite.jp\public_html\voice\images\SafeEar\training_on_ASV2019\testing_on_J-SpAW-LA\mic_id_correlation.webp","G:\My Drive\Web\memo\memosite.jp\public_html\voice\images\SafeEar\training_on_ASV2019\testing_on_J-SpAW-LA\mic_id_correlation.webp.jxl","10160","17702","-74.23","ok"
"G:\My Drive\Web\memo\memosite.jp\public_html\voice\images\SafeEar\training_on_ASV2019\testing_on_J-SpAW-LA\mic_id_heatmap.png","G:\My Drive\Web\memo\memosite.jp\public_html\voice\images\SafeEar\training_on_ASV2019\testing_on_J-SpAW-LA\mic_id_heatmap.png.jxl","90568","59128","34.71","ok"
"G:\My Drive\Web\memo\memosite.jp\public_html\voice\images\SafeEar\training_on_ASV2019\testing_on_J-SpAW-LA\mic_id_heatmap.webp","G:\My Drive\Web\memo\memosite.jp\public_html\voice\images\SafeEar\training_on_ASV2019\testing_on_J-SpAW-LA\mic_id_heatmap.webp.jxl","13378","17816","-33.17","ok"
"G:\My Drive\Web\memo\memosite.jp\public_html\voice\images\SafeEar\training_on_ASV2019\testing_on_J-SpAW-LA\roc_curve.png","G:\My Drive\Web\memo\memosite.jp\public_html\voice\images\SafeEar\training_on_ASV2019\testing_on_J-SpAW-LA\roc_curve.png.jxl","199976","139251","30.37","ok"
"G:\My Drive\Web\memo\memosite.jp\public_html\voice\images\SafeEar\training_on_ASV2019\testing_on_J-SpAW-LA\roc_curve.webp","G:\My Drive\Web\memo\memosite.jp\public_html\voice\images\SafeEar\training_on_ASV2019\testing_on_J-SpAW-LA\roc_curve.webp.jxl","19274","23967","-24.35","ok"
"G:\My Drive\Web\memo\memosite.jp\public_html\voice\images\SafeEar\training_on_ASV2019\testing_on_J-SpAW-LA\room_id_correlation.png","G:\My Drive\Web\memo\memosite.jp\public_html\voice\images\SafeEar\training_on_ASV2019\testing_on_J-SpAW-LA\room_id_correlation.png.jxl","106116","83580","21.24","ok"
"G:\My Drive\Web\memo\memosite.jp\public_html\voice\images\SafeEar\training_on_ASV2019\testing_on_J-SpAW-LA\room_id_correlation.webp","G:\My Drive\Web\memo\memosite.jp\public_html\voice\images\SafeEar\training_on_ASV2019\testing_on_J-SpAW-LA\room_id_correlation.webp.jxl","10620","19074","-79.6","ok"
"G:\My Drive\Web\memo\memosite.jp\public_html\voice\images\SafeEar\training_on_ASV2019\testing_on_J-SpAW-LA\room_id_heatmap.png","G:\My Drive\Web\memo\memosite.jp\public_html\voice\images\SafeEar\training_on_ASV2019\testing_on_J-SpAW-LA\room_id_heatmap.png.jxl","107269","73741","31.26","ok"
"G:\My Drive\Web\memo\memosite.jp\public_html\voice\images\SafeEar\training_on_ASV2019\testing_on_J-SpAW-LA\room_id_heatmap.webp","G:\My Drive\Web\memo\memosite.jp\public_html\voice\images\SafeEar\training_on_ASV2019\testing_on_J-SpAW-LA\room_id_heatmap.webp.jxl","15730","22288","-41.69","ok"
"G:\My Drive\Web\memo\memosite.jp\public_html\voice\images\SafeEar\training_on_ASV2019\testing_on_J-SpAW-LA\score_distribution.png","G:\My Drive\Web\memo\memosite.jp\public_html\voice\images\SafeEar\training_on_ASV2019\testing_on_J-SpAW-LA\score_distribution.png.jxl","92679","93286","-0.65","ok"
"G:\My Drive\Web\memo\memosite.jp\public_html\voice\images\SafeEar\training_on_ASV2019\testing_on_J-SpAW-LA\score_distribution.webp","G:\My Drive\Web\memo\memosite.jp\public_html\voice\images\SafeEar\training_on_ASV2019\testing_on_J-SpAW-LA\score_distribution.webp.jxl","13938","21103","-51.41","ok"
"G:\My Drive\Web\memo\memosite.jp\public_html\voice\images\SafeEar\training_on_ASV2019\testing_on_J-SpAW-LA\sent_id_correlation.png","G:\My Drive\Web\memo\memosite.jp\public_html\voice\images\SafeEar\training_on_ASV2019\testing_on_J-SpAW-LA\sent_id_correlation.png.jxl","286174","326033","-13.93","ok"
"G:\My Drive\Web\memo\memosite.jp\public_html\voice\images\SafeEar\training_on_ASV2019\testing_on_J-SpAW-LA\sent_id_correlation.webp","G:\My Drive\Web\memo\memosite.jp\public_html\voice\images\SafeEar\training_on_ASV2019\testing_on_J-SpAW-LA\sent_id_correlation.webp.jxl","28388","41057","-44.63","ok"
"G:\My Drive\Web\memo\memosite.jp\public_html\voice\images\SafeEar\training_on_ASV2019\testing_on_J-SpAW-LA\sent_id_heatmap.png","G:\My Drive\Web\memo\memosite.jp\public_html\voice\images\SafeEar\training_on_ASV2019\testing_on_J-SpAW-LA\sent_id_heatmap.png.jxl","415555","297343","28.45","ok"
"G:\My Drive\Web\memo\memosite.jp\public_html\voice\images\SafeEar\training_on_ASV2019\testing_on_J-SpAW-LA\sent_id_heatmap.webp","G:\My Drive\Web\memo\memosite.jp\public_html\voice\images\SafeEar\training_on_ASV2019\testing_on_J-SpAW-LA\sent_id_heatmap.webp.jxl","27628","36744","-33","ok"
"G:\My Drive\Web\memo\memosite.jp\public_html\voice\images\SafeEar\training_on_ASV2019\testing_on_J-SpAW-LA\spkr_id_correlation.png","G:\My Drive\Web\memo\memosite.jp\public_html\voice\images\SafeEar\training_on_ASV2019\testing_on_J-SpAW-LA\spkr_id_correlation.png.jxl","242062","340581","-40.7","ok"
"G:\My Drive\Web\memo\memosite.jp\public_html\voice\images\SafeEar\training_on_ASV2019\testing_on_J-SpAW-LA\spkr_id_correlation.webp","G:\My Drive\Web\memo\memosite.jp\public_html\voice\images\SafeEar\training_on_ASV2019\testing_on_J-SpAW-LA\spkr_id_correlation.webp.jxl","33944","47654","-40.39","ok"
"G:\My Drive\Web\memo\memosite.jp\public_html\voice\images\SafeEar\training_on_ASV2019\testing_on_J-SpAW-LA\spkr_id_heatmap.png","G:\My Drive\Web\memo\memosite.jp\public_html\voice\images\SafeEar\training_on_ASV2019\testing_on_J-SpAW-LA\spkr_id_heatmap.png.jxl","484671","338706","30.12","ok"
"G:\My Drive\Web\memo\memosite.jp\public_html\voice\images\SafeEar\training_on_ASV2019\testing_on_J-SpAW-LA\spkr_id_heatmap.webp","G:\My Drive\Web\memo\memosite.jp\public_html\voice\images\SafeEar\training_on_ASV2019\testing_on_J-SpAW-LA\spkr_id_heatmap.webp.jxl","37134","47360","-27.54","ok"
"G:\My Drive\Web\memo\memosite.jp\public_html\voice\images\SafeEar\training_on_J-SpAW-LA\testing_on_denoise-PA\det_curve.png","G:\My Drive\Web\memo\memosite.jp\public_html\voice\images\SafeEar\training_on_J-SpAW-LA\testing_on_denoise-PA\det_curve.png.jxl","204767","139105","32.07","ok"
"G:\My Drive\Web\memo\memosite.jp\public_html\voice\images\SafeEar\training_on_J-SpAW-LA\testing_on_denoise-PA\det_curve.webp","G:\My Drive\Web\memo\memosite.jp\public_html\voice\images\SafeEar\training_on_J-SpAW-LA\testing_on_denoise-PA\det_curve.webp.jxl","15068","23433","-55.51","ok"
"G:\My Drive\Web\memo\memosite.jp\public_html\voice\images\SafeEar\training_on_J-SpAW-LA\testing_on_denoise-PA\env_id_correlation.png","G:\My Drive\Web\memo\memosite.jp\public_html\voice\images\SafeEar\training_on_J-SpAW-LA\testing_on_denoise-PA\env_id_correlation.png.jxl","97613","89965","7.84","ok"
"G:\My Drive\Web\memo\memosite.jp\public_html\voice\images\SafeEar\training_on_J-SpAW-LA\testing_on_denoise-PA\env_id_correlation.webp","G:\My Drive\Web\memo\memosite.jp\public_html\voice\images\SafeEar\training_on_J-SpAW-LA\testing_on_denoise-PA\env_id_correlation.webp.jxl","9798","21429","-118.71","ok"
"G:\My Drive\Web\memo\memosite.jp\public_html\voice\images\SafeEar\training_on_J-SpAW-LA\testing_on_denoise-PA\env_id_heatmap.png","G:\My Drive\Web\memo\memosite.jp\public_html\voice\images\SafeEar\training_on_J-SpAW-LA\testing_on_denoise-PA\env_id_heatmap.png.jxl","97670","67018","31.38","ok"
"G:\My Drive\Web\memo\memosite.jp\public_html\voice\images\SafeEar\training_on_J-SpAW-LA\testing_on_denoise-PA\env_id_heatmap.webp","G:\My Drive\Web\memo\memosite.jp\public_html\voice\images\SafeEar\training_on_J-SpAW-LA\testing_on_denoise-PA\env_id_heatmap.webp.jxl","12294","20041","-63.01","ok"
"G:\My Drive\Web\memo\memosite.jp\public_html\voice\images\SafeEar\training_on_J-SpAW-LA\testing_on_denoise-PA\mic_id_correlation.png","G:\My Drive\Web\memo\memosite.jp\public_html\voice\images\SafeEar\training_on_J-SpAW-LA\testing_on_denoise-PA\mic_id_correlation.png.jxl","97909","74551","23.86","ok"
"G:\My Drive\Web\memo\memosite.jp\public_html\voice\images\SafeEar\training_on_J-SpAW-LA\testing_on_denoise-PA\mic_id_correlation.webp","G:\My Drive\Web\memo\memosite.jp\public_html\voice\images\SafeEar\training_on_J-SpAW-LA\testing_on_denoise-PA\mic_id_correlation.webp.jxl","8400","18458","-119.74","ok"
"G:\My Drive\Web\memo\memosite.jp\public_html\voice\images\SafeEar\training_on_J-SpAW-LA\testing_on_denoise-PA\mic_id_heatmap.png","G:\My Drive\Web\memo\memosite.jp\public_html\voice\images\SafeEar\training_on_J-SpAW-LA\testing_on_denoise-PA\mic_id_heatmap.png.jxl","94992","61149","35.63","ok"
"G:\My Drive\Web\memo\memosite.jp\public_html\voice\images\SafeEar\training_on_J-SpAW-LA\testing_on_denoise-PA\mic_id_heatmap.webp","G:\My Drive\Web\memo\memosite.jp\public_html\voice\images\SafeEar\training_on_J-SpAW-LA\testing_on_denoise-PA\mic_id_heatmap.webp.jxl","11706","18693","-59.69","ok"
"G:\My Drive\Web\memo\memosite.jp\public_html\voice\images\SafeEar\training_on_J-SpAW-LA\testing_on_denoise-PA\roc_curve.png","G:\My Drive\Web\memo\memosite.jp\public_html\voice\images\SafeEar\training_on_J-SpAW-LA\testing_on_denoise-PA\roc_curve.png.jxl","191526","138751","27.56","ok"
"G:\My Drive\Web\memo\memosite.jp\public_html\voice\images\SafeEar\training_on_J-SpAW-LA\testing_on_denoise-PA\roc_curve.webp","G:\My Drive\Web\memo\memosite.jp\public_html\voice\images\SafeEar\training_on_J-SpAW-LA\testing_on_denoise-PA\roc_curve.webp.jxl","15956","23938","-50.03","ok"
"G:\My Drive\Web\memo\memosite.jp\public_html\voice\images\SafeEar\training_on_J-SpAW-LA\testing_on_denoise-PA\room_id_correlation.png","G:\My Drive\Web\memo\memosite.jp\public_html\voice\images\SafeEar\training_on_J-SpAW-LA\testing_on_denoise-PA\room_id_correlation.png.jxl","94320","85328","9.53","ok"
"G:\My Drive\Web\memo\memosite.jp\public_html\voice\images\SafeEar\training_on_J-SpAW-LA\testing_on_denoise-PA\room_id_correlation.webp","G:\My Drive\Web\memo\memosite.jp\public_html\voice\images\SafeEar\training_on_J-SpAW-LA\testing_on_denoise-PA\room_id_correlation.webp.jxl","9130","20109","-120.25","ok"
"G:\My Drive\Web\memo\memosite.jp\public_html\voice\images\SafeEar\training_on_J-SpAW-LA\testing_on_denoise-PA\room_id_heatmap.png","G:\My Drive\Web\memo\memosite.jp\public_html\voice\images\SafeEar\training_on_J-SpAW-LA\testing_on_denoise-PA\room_id_heatmap.png.jxl","90218","60182","33.29","ok"
"G:\My Drive\Web\memo\memosite.jp\public_html\voice\images\SafeEar\training_on_J-SpAW-LA\testing_on_denoise-PA\room_id_heatmap.webp","G:\My Drive\Web\memo\memosite.jp\public_html\voice\images\SafeEar\training_on_J-SpAW-LA\testing_on_denoise-PA\room_id_heatmap.webp.jxl","10860","17844","-64.31","ok"
"G:\My Drive\Web\memo\memosite.jp\public_html\voice\images\SafeEar\training_on_J-SpAW-LA\testing_on_denoise-PA\score_distribution.png","G:\My Drive\Web\memo\memosite.jp\public_html\voice\images\SafeEar\training_on_J-SpAW-LA\testing_on_denoise-PA\score_distribution.png.jxl","91161","80601","11.58","ok"
"G:\My Drive\Web\memo\memosite.jp\public_html\voice\images\SafeEar\training_on_J-SpAW-LA\testing_on_denoise-PA\score_distribution.webp","G:\My Drive\Web\memo\memosite.jp\public_html\voice\images\SafeEar\training_on_J-SpAW-LA\testing_on_denoise-PA\score_distribution.webp.jxl","10394","19059","-83.37","ok"
"G:\My Drive\Web\memo\memosite.jp\public_html\voice\images\SafeEar\training_on_J-SpAW-LA\testing_on_denoise-PA\sent_id_correlation.png","G:\My Drive\Web\memo\memosite.jp\public_html\voice\images\SafeEar\training_on_J-SpAW-LA\testing_on_denoise-PA\sent_id_correlation.png.jxl","209147","432609","-106.84","ok"
"G:\My Drive\Web\memo\memosite.jp\public_html\voice\images\SafeEar\training_on_J-SpAW-LA\testing_on_denoise-PA\sent_id_correlation.webp","G:\My Drive\Web\memo\memosite.jp\public_html\voice\images\SafeEar\training_on_J-SpAW-LA\testing_on_denoise-PA\sent_id_correlation.webp.jxl","25202","46603","-84.92","ok"
"G:\My Drive\Web\memo\memosite.jp\public_html\voice\images\SafeEar\training_on_J-SpAW-LA\testing_on_denoise-PA\sent_id_heatmap.png","G:\My Drive\Web\memo\memosite.jp\public_html\voice\images\SafeEar\training_on_J-SpAW-LA\testing_on_denoise-PA\sent_id_heatmap.png.jxl","453557","304941","32.77","ok"
"G:\My Drive\Web\memo\memosite.jp\public_html\voice\images\SafeEar\training_on_J-SpAW-LA\testing_on_denoise-PA\sent_id_heatmap.webp","G:\My Drive\Web\memo\memosite.jp\public_html\voice\images\SafeEar\training_on_J-SpAW-LA\testing_on_denoise-PA\sent_id_heatmap.webp.jxl","20880","33536","-60.61","ok"
"G:\My Drive\Web\memo\memosite.jp\public_html\voice\images\SafeEar\training_on_J-SpAW-LA\testing_on_denoise-PA\spkr_id_correlation.png","G:\My Drive\Web\memo\memosite.jp\public_html\voice\images\SafeEar\training_on_J-SpAW-LA\testing_on_denoise-PA\spkr_id_correlation.png.jxl","147757","325035","-119.98","ok"
"G:\My Drive\Web\memo\memosite.jp\public_html\voice\images\SafeEar\training_on_J-SpAW-LA\testing_on_denoise-PA\spkr_id_correlation.webp","G:\My Drive\Web\memo\memosite.jp\public_html\voice\images\SafeEar\training_on_J-SpAW-LA\testing_on_denoise-PA\spkr_id_correlation.webp.jxl","25326","48632","-92.02","ok"
"G:\My Drive\Web\memo\memosite.jp\public_html\voice\images\SafeEar\training_on_J-SpAW-LA\testing_on_denoise-PA\spkr_id_heatmap.png","G:\My Drive\Web\memo\memosite.jp\public_html\voice\images\SafeEar\training_on_J-SpAW-LA\testing_on_denoise-PA\spkr_id_heatmap.png.jxl","361729","243844","32.59","ok"
"G:\My Drive\Web\memo\memosite.jp\public_html\voice\images\SafeEar\training_on_J-SpAW-LA\testing_on_denoise-PA\spkr_id_heatmap.webp","G:\My Drive\Web\memo\memosite.jp\public_html\voice\images\SafeEar\training_on_J-SpAW-LA\testing_on_denoise-PA\spkr_id_heatmap.webp.jxl","23314","37640","-61.45","ok"
"G:\My Drive\Web\memo\memosite.jp\public_html\voice\images\SafeEar\training_on_J-SpAW-LA\testing_on_J-SpAW-PA\det_curve.png","G:\My Drive\Web\memo\memosite.jp\public_html\voice\images\SafeEar\training_on_J-SpAW-LA\testing_on_J-SpAW-PA\det_curve.png.jxl","208238","139814","32.86","ok"
"G:\My Drive\Web\memo\memosite.jp\public_html\voice\images\SafeEar\training_on_J-SpAW-LA\testing_on_J-SpAW-PA\det_curve.webp","G:\My Drive\Web\memo\memosite.jp\public_html\voice\images\SafeEar\training_on_J-SpAW-LA\testing_on_J-SpAW-PA\det_curve.webp.jxl","18358","23442","-27.69","ok"
"G:\My Drive\Web\memo\memosite.jp\public_html\voice\images\SafeEar\training_on_J-SpAW-LA\testing_on_J-SpAW-PA\env_id_correlation.png","G:\My Drive\Web\memo\memosite.jp\public_html\voice\images\SafeEar\training_on_J-SpAW-LA\testing_on_J-SpAW-PA\env_id_correlation.png.jxl","97884","93168","4.82","ok"
"G:\My Drive\Web\memo\memosite.jp\public_html\voice\images\SafeEar\training_on_J-SpAW-LA\testing_on_J-SpAW-PA\env_id_correlation.webp","G:\My Drive\Web\memo\memosite.jp\public_html\voice\images\SafeEar\training_on_J-SpAW-LA\testing_on_J-SpAW-PA\env_id_correlation.webp.jxl","11646","21849","-87.61","ok"
"G:\My Drive\Web\memo\memosite.jp\public_html\voice\images\SafeEar\training_on_J-SpAW-LA\testing_on_J-SpAW-PA\env_id_heatmap.png","G:\My Drive\Web\memo\memosite.jp\public_html\voice\images\SafeEar\training_on_J-SpAW-LA\testing_on_J-SpAW-PA\env_id_heatmap.png.jxl","97552","66689","31.64","ok"
"G:\My Drive\Web\memo\memosite.jp\public_html\voice\images\SafeEar\training_on_J-SpAW-LA\testing_on_J-SpAW-PA\env_id_heatmap.webp","G:\My Drive\Web\memo\memosite.jp\public_html\voice\images\SafeEar\training_on_J-SpAW-LA\testing_on_J-SpAW-PA\env_id_heatmap.webp.jxl","14998","19628","-30.87","ok"
"G:\My Drive\Web\memo\memosite.jp\public_html\voice\images\SafeEar\training_on_J-SpAW-LA\testing_on_J-SpAW-PA\mic_id_correlation.png","G:\My Drive\Web\memo\memosite.jp\public_html\voice\images\SafeEar\training_on_J-SpAW-LA\testing_on_J-SpAW-PA\mic_id_correlation.png.jxl","98237","75597","23.05","ok"
"G:\My Drive\Web\memo\memosite.jp\public_html\voice\images\SafeEar\training_on_J-SpAW-LA\testing_on_J-SpAW-PA\mic_id_correlation.webp","G:\My Drive\Web\memo\memosite.jp\public_html\voice\images\SafeEar\training_on_J-SpAW-LA\testing_on_J-SpAW-PA\mic_id_correlation.webp.jxl","10156","18258","-79.78","ok"
"G:\My Drive\Web\memo\memosite.jp\public_html\voice\images\SafeEar\training_on_J-SpAW-LA\testing_on_J-SpAW-PA\mic_id_heatmap.png","G:\My Drive\Web\memo\memosite.jp\public_html\voice\images\SafeEar\training_on_J-SpAW-LA\testing_on_J-SpAW-PA\mic_id_heatmap.png.jxl","87619","56876","35.09","ok"
"G:\My Drive\Web\memo\memosite.jp\public_html\voice\images\SafeEar\training_on_J-SpAW-LA\testing_on_J-SpAW-PA\mic_id_heatmap.webp","G:\My Drive\Web\memo\memosite.jp\public_html\voice\images\SafeEar\training_on_J-SpAW-LA\testing_on_J-SpAW-PA\mic_id_heatmap.webp.jxl","12798","17162","-34.1","ok"
"G:\My Drive\Web\memo\memosite.jp\public_html\voice\images\SafeEar\training_on_J-SpAW-LA\testing_on_J-SpAW-PA\roc_curve.png","G:\My Drive\Web\memo\memosite.jp\public_html\voice\images\SafeEar\training_on_J-SpAW-LA\testing_on_J-SpAW-PA\roc_curve.png.jxl","194385","138683","28.66","ok"
"G:\My Drive\Web\memo\memosite.jp\public_html\voice\images\SafeEar\training_on_J-SpAW-LA\testing_on_J-SpAW-PA\roc_curve.webp","G:\My Drive\Web\memo\memosite.jp\public_html\voice\images\SafeEar\training_on_J-SpAW-LA\testing_on_J-SpAW-PA\roc_curve.webp.jxl","19260","23813","-23.64","ok"
"G:\My Drive\Web\memo\memosite.jp\public_html\voice\images\SafeEar\training_on_J-SpAW-LA\testing_on_J-SpAW-PA\room_id_correlation.png","G:\My Drive\Web\memo\memosite.jp\public_html\voice\images\SafeEar\training_on_J-SpAW-LA\testing_on_J-SpAW-PA\room_id_correlation.png.jxl","95729","85939","10.23","ok"
"G:\My Drive\Web\memo\memosite.jp\public_html\voice\images\SafeEar\training_on_J-SpAW-LA\testing_on_J-SpAW-PA\room_id_correlation.webp","G:\My Drive\Web\memo\memosite.jp\public_html\voice\images\SafeEar\training_on_J-SpAW-LA\testing_on_J-SpAW-PA\room_id_correlation.webp.jxl","11022","20578","-86.7","ok"
"G:\My Drive\Web\memo\memosite.jp\public_html\voice\images\SafeEar\training_on_J-SpAW-LA\testing_on_J-SpAW-PA\room_id_heatmap.png","G:\My Drive\Web\memo\memosite.jp\public_html\voice\images\SafeEar\training_on_J-SpAW-LA\testing_on_J-SpAW-PA\room_id_heatmap.png.jxl","90148","60009","33.43","ok"
"G:\My Drive\Web\memo\memosite.jp\public_html\voice\images\SafeEar\training_on_J-SpAW-LA\testing_on_J-SpAW-PA\room_id_heatmap.webp","G:\My Drive\Web\memo\memosite.jp\public_html\voice\images\SafeEar\training_on_J-SpAW-LA\testing_on_J-SpAW-PA\room_id_heatmap.webp.jxl","13048","17776","-36.24","ok"
"G:\My Drive\Web\memo\memosite.jp\public_html\voice\images\SafeEar\training_on_J-SpAW-LA\testing_on_J-SpAW-PA\score_distribution.png","G:\My Drive\Web\memo\memosite.jp\public_html\voice\images\SafeEar\training_on_J-SpAW-LA\testing_on_J-SpAW-PA\score_distribution.png.jxl","91621","80479","12.16","ok"
"G:\My Drive\Web\memo\memosite.jp\public_html\voice\images\SafeEar\training_on_J-SpAW-LA\testing_on_J-SpAW-PA\score_distribution.webp","G:\My Drive\Web\memo\memosite.jp\public_html\voice\images\SafeEar\training_on_J-SpAW-LA\testing_on_J-SpAW-PA\score_distribution.webp.jxl","12318","18431","-49.63","ok"
"G:\My Drive\Web\memo\memosite.jp\public_html\voice\images\SafeEar\training_on_J-SpAW-LA\testing_on_J-SpAW-PA\sent_id_correlation.png","G:\My Drive\Web\memo\memosite.jp\public_html\voice\images\SafeEar\training_on_J-SpAW-LA\testing_on_J-SpAW-PA\sent_id_correlation.png.jxl","218394","438315","-100.7","ok"
"G:\My Drive\Web\memo\memosite.jp\public_html\voice\images\SafeEar\training_on_J-SpAW-LA\testing_on_J-SpAW-PA\sent_id_correlation.webp","G:\My Drive\Web\memo\memosite.jp\public_html\voice\images\SafeEar\training_on_J-SpAW-LA\testing_on_J-SpAW-PA\sent_id_correlation.webp.jxl","31004","46744","-50.77","ok"
"G:\My Drive\Web\memo\memosite.jp\public_html\voice\images\SafeEar\training_on_J-SpAW-LA\testing_on_J-SpAW-PA\sent_id_heatmap.png","G:\My Drive\Web\memo\memosite.jp\public_html\voice\images\SafeEar\training_on_J-SpAW-LA\testing_on_J-SpAW-PA\sent_id_heatmap.png.jxl","465062","309856","33.37","ok"
"G:\My Drive\Web\memo\memosite.jp\public_html\voice\images\SafeEar\training_on_J-SpAW-LA\testing_on_J-SpAW-PA\sent_id_heatmap.webp","G:\My Drive\Web\memo\memosite.jp\public_html\voice\images\SafeEar\training_on_J-SpAW-LA\testing_on_J-SpAW-PA\sent_id_heatmap.webp.jxl","26416","33652","-27.39","ok"
"G:\My Drive\Web\memo\memosite.jp\public_html\voice\images\SafeEar\training_on_J-SpAW-LA\testing_on_J-SpAW-PA\spkr_id_correlation.png","G:\My Drive\Web\memo\memosite.jp\public_html\voice\images\SafeEar\training_on_J-SpAW-LA\testing_on_J-SpAW-PA\spkr_id_correlation.png.jxl","153089","323679","-111.43","ok"
"G:\My Drive\Web\memo\memosite.jp\public_html\voice\images\SafeEar\training_on_J-SpAW-LA\testing_on_J-SpAW-PA\spkr_id_correlation.webp","G:\My Drive\Web\memo\memosite.jp\public_html\voice\images\SafeEar\training_on_J-SpAW-LA\testing_on_J-SpAW-PA\spkr_id_correlation.webp.jxl","30112","47598","-58.07","ok"
"G:\My Drive\Web\memo\memosite.jp\public_html\voice\images\SafeEar\training_on_J-SpAW-LA\testing_on_J-SpAW-PA\spkr_id_heatmap.png","G:\My Drive\Web\memo\memosite.jp\public_html\voice\images\SafeEar\training_on_J-SpAW-LA\testing_on_J-SpAW-PA\spkr_id_heatmap.png.jxl","363815","243429","33.09","ok"
"G:\My Drive\Web\memo\memosite.jp\public_html\voice\images\SafeEar\training_on_J-SpAW-LA\testing_on_J-SpAW-PA\spkr_id_heatmap.webp","G:\My Drive\Web\memo\memosite.jp\public_html\voice\images\SafeEar\training_on_J-SpAW-LA\testing_on_J-SpAW-PA\spkr_id_heatmap.webp.jxl","29508","36464","-23.57","ok"
